01.01.2108,05.17
02.01.2108,22.48
03.01.2108,13.73
04.01.2108,11.44
05.01.2108,14.83
06.01.2108,54.68
07.01.2108,43.04
08.01.2108,18.12
09.01.2108,27.01
10.01.2108,52.88
11.01.2108,46.54
12.01.2108,23.46
13.01.2108,15.81
14.01.2108,19.14
15.01.2108,47.63
16.01.2108,40.42
17.01.2108,18.25
18.01.2108,14.72
19.01.2108,21.68
20.01.2108,57.81
21.01.2108,64.04
22.01.2108,47.07
23.01.2108,71.09
24.01.2108,72.08
25.01.2108,69.93
26.01.2108,157.47
27.01.2108,134.46
28.01.2108,48.65
29.01.2108,12.86
30.01.2108,08.78
31.01.2108,29.00
01.02.2108,33.35
02.02.2108,29.14
03.02.2108,75.50
04.02.2108,71.13
05.02.2108,20.95
06.02.2108,53.99
07.02.2108,63.86
08.02.2108,66.43
09.02.2108,67.70
10.02.2108,71.62
11.02.2108,61.48
12.02.2108,86.96
13.02.2108,94.85
14.02.2108,37.69
15.02.2108,46.39
16.02.2108,86.32
17.02.2108,83.73
18.02.2108,77.60
19.02.2108,28.11
20.02.2108,51.51
21.02.2108,41.00
22.02.2108,33.75
23.02.2108,33.37
24.02.2108,41.26
25.02.2108,36.27
26.02.2108,40.87
27.02.2108,33.95
28.02.2108,39.33
29.02.2108,89.29
01.03.2108,75.70
02.03.2108,96.99
03.03.2108,114.72
04.03.2108,118.69
05.03.2108,113.79
06.03.2108,83.39
07.03.2108,48.94
08.03.2108,62.77
09.03.2108,67.74
10.03.2108,39.34
11.03.2108,18.40
12.03.2108,21.18
13.03.2108,34.72
14.03.2108,35.03
15.03.2108,26.63
16.03.2108,17.41
17.03.2108,21.11
18.03.2108,25.74
19.03.2108,43.42
20.03.2108,48.89
21.03.2108,58.21
22.03.2108,82.20
23.03.2108,74.13
24.03.2108,67.72
25.03.2108,57.21
26.03.2108,50.05
27.03.2108,36.89
28.03.2108,45.17
29.03.2108,34.90
30.03.2108,21.89
31.03.2108,22.26
01.04.2108,23.30
02.04.2108,29.51
03.04.2108,28.05
04.04.2108,18.05
05.04.2108,25.50
06.04.2108,32.19
07.04.2108,22.79
08.04.2108,21.89
09.04.2108,27.25
10.04.2108,26.52
11.04.2108,31.46
12.04.2108,25.96
13.04.2108,19.54
14.04.2108,23.66
15.04.2108,26.68
16.04.2108,22.66
17.04.2108,23.95
18.04.2108,23.86
19.04.2108,26.39
20.04.2108,30.27
21.04.2108,18.52
22.04.2108,27.72
23.04.2108,27.49
24.04.2108,44.50
25.04.2108,21.73
26.04.2108,19.93
27.04.2108,26.89
28.04.2108,30.20
29.04.2108,35.68
30.04.2108,34.90
01.05.2108,28.01
02.05.2108,26.01
03.05.2108,23.59
04.05.2108,15.45
05.05.2108,16.32
06.05.2108,19.22
07.05.2108,17.60
08.05.2108,17.65
09.05.2108,18.89
10.05.2108,19.18
11.05.2108,17.85
12.05.2108,18.12
13.05.2108,13.57
14.05.2108,16.01
15.05.2108,19.82
16.05.2108,09.60
17.05.2108,16.47
18.05.2108,16.94
19.05.2108,13.39
20.05.2108,13.75
21.05.2108,15.01
22.05.2108,16.83
23.05.2108,11.88
24.05.2108,10.71
25.05.2108,13.50
26.05.2108,16.96
27.05.2108,16.43
28.05.2108,16.58
29.05.2108,16.89
30.05.2108,22.70
31.05.2108,20.73
01.06.2108,16.92
02.06.2108,13.95
03.06.2108,19.62
04.06.2108,20.66
05.06.2108,12.28
06.06.2108,13.93
07.06.2108,18.78
08.06.2108,17.69
09.06.2108,17.14
10.06.2108,19.44
11.06.2108,17.40
12.06.2108,14.46
13.06.2108,13.33
14.06.2108,15.37
15.06.2108,17.09
16.06.2108,16.50
17.06.2108,17.07
18.06.2108,20.31
19.06.2108,21.02
20.06.2108,23.17
21.06.2108,10.53
22.06.2108,08.38
23.06.2108,08.31
24.06.2108,11.24
25.06.2108,11.77
26.06.2108,13.32
27.06.2108,09.11
28.06.2108,13.88
29.06.2108,06.56
30.06.2108,06.17
01.07.2108,09.23
02.07.2108,12.62
03.07.2108,16.87
04.07.2108,22.00
05.07.2108,17.32
06.07.2108,13.92
07.07.2108,12.00
08.07.2108,16.34
09.07.2108,15.39
10.07.2108,15.79
11.07.2108,11.80
12.07.2108,10.87
13.07.2108,12.55
14.07.2108,13.79
15.07.2108,15.52
16.07.2108,12.00
17.07.2108,09.16
18.07.2108,13.66
19.07.2108,19.69
20.07.2108,23.75
21.07.2108,26.45
22.07.2108,21.15
23.07.2108,20.27
24.07.2108,23.64
25.07.2108,14.21
26.07.2108,15.30
27.07.2108,18.54
28.07.2108,18.83
29.07.2108,18.43
30.07.2108,16.00
31.07.2108,16.45
01.08.2108,19.16
02.08.2108,19.91
03.08.2108,22.42
04.08.2108,19.71
05.08.2108,14.68
06.08.2108,15.23
07.08.2108,21.44
08.08.2108,18.07
09.08.2108,16.81
10.08.2108,08.69
11.08.2108,12.13
12.08.2108,15.92
13.08.2108,21.00
14.08.2108,09.96
15.08.2108,11.29
16.08.2108,16.72
17.08.2108,23.55
18.08.2108,22.60
19.08.2108,19.56
20.08.2108,14.34
21.08.2108,14.68
22.08.2108,21.13
23.08.2108,22.62
24.08.2108,15.28
25.08.2108,09.14
26.08.2108,12.97
27.08.2108,18.94
28.08.2108,20.78
29.08.2108,24.01
30.08.2108,19.76
31.08.2108,25.43
01.09.2108,28.34
02.09.2108,23.79
03.09.2108,22.60
04.09.2108,19.87
05.09.2108,16.14
06.09.2108,12.95
07.09.2108,25.85
08.09.2108,14.04
09.09.2108,19.76
10.09.2108,16.81
11.09.2108,18.31
12.09.2108,26.08
13.09.2108,28.12
14.09.2108,10.42
15.09.2108,13.86
16.09.2108,17.72
17.09.2108,21.15
18.09.2108,22.97
19.09.2108,29.16
20.09.2108,28.74
21.09.2108,09.05
22.09.2108,06.79
23.09.2108,05.68
24.09.2108,08.52
25.09.2108,08.96
26.09.2108,13.44
27.09.2108,24.39
28.09.2108,15.68
29.09.2108,14.32
30.09.2108,13.90
01.10.2108,13.42
02.10.2108,06.59
03.10.2108,16.50
04.10.2108,32.15
05.10.2108,32.82
06.10.2108,31.07
07.10.2108,14.64
08.10.2108,32.66
09.10.2108,39.67
10.10.2108,42.82
11.10.2108,43.79
12.10.2108,51.69
13.10.2108,44.77
14.10.2108,42.68
15.10.2108,50.91
16.10.2108,53.90
17.10.2108,63.66
18.10.2108,75.34
19.10.2108,44.01
20.10.2108,24.21
21.10.2108,49.42
22.10.2108,10.69
23.10.2108,07.96
24.10.2108,07.52
25.10.2108,15.59
26.10.2108,32.57
27.10.2108,08.14
28.10.2108,15.45
29.10.2108,14.46
30.10.2108,26.14
31.10.2108,26.19
01.11.2108,29.49
02.11.2108,36.85
03.11.2108,13.26
04.11.2108,21.20
05.11.2108,36.34
06.11.2108,57.34
07.11.2108,73.84
08.11.2108,73.95
09.11.2108,72.35
10.11.2108,66.21
11.11.2108,67.09
12.11.2108,74.66
13.11.2108,17.30
14.11.2108,26.68
15.11.2108,16.99
16.11.2108,36.03
17.11.2108,56.17
18.11.2108,36.32
19.11.2108,36.34
20.11.2108,30.38
21.11.2108,41.75
22.11.2108,64.54
23.11.2108,57.49
24.11.2108,50.55
25.11.2108,26.63
26.11.2108,22.48
27.11.2108,42.00
28.11.2108,39.64
29.11.2108,35.32
30.11.2108,69.45
01.12.2108,63.10
02.12.2108,33.97
03.12.2108,23.79
04.12.2108,35.08
05.12.2108,55.50
06.12.2108,40.93
07.12.2108,17.45
08.12.2108,05.52
09.12.2108,11.07
10.12.2108,19.34
11.12.2108,28.87
12.12.2108,56.58
13.12.2108,29.25
14.12.2108,18.31
15.12.2108,51.04
16.12.2108,113.77
17.12.2108,90.00
18.12.2108,50.62
19.12.2108,78.78
20.12.2108,42.39
21.12.2108,07.87
22.12.2108,18.65
23.12.2108,09.07
24.12.2108,15.14
25.12.2108,16.56
26.12.2108,16.32
27.12.2108,23.42
28.12.2108,20.64
29.12.2108,19.74
30.12.2108,17.83
