,0
0,94.0
1,135.0
2,172.0
3,135.0
4,68.0
5,55.0
6,137.0
7,82.0
8,96.0
9,19.0
10,18.0
11,11.0
12,31.0
13,109.0
14,66.0
15,62.0
16,75.0
17,
18,
19,
20,
21,
22,43.0
23,54.0
24,48.0
25,23.0
26,44.0
27,
28,
29,
30,
31,46.0
32,63.0
33,99.0
34,206.0
35,127.0
36,101.0
37,42.0
38,99.0
39,56.0
40,25.0
41,26.0
42,36.0
43,56.0
44,63.0
45,63.0
46,46.0
47,40.0
48,79.0
49,110.0
50,68.0
51,95.0
52,87.0
53,97.0
54,59.0
55,61.0
56,69.0
57,111.0
58,101.0
59,64.0
60,58.0
61,
62,27.0
63,32.0
64,39.0
65,47.0
66,35.0
67,55.0
68,56.0
69,121.0
70,100.0
71,102.0
72,117.0
73,55.0
74,8.0
75,15.0
76,32.0
77,17.0
78,35.0
79,42.0
80,37.0
81,25.0
82,22.0
83,36.0
84,60.0
85,36.0
86,56.0
87,75.0
88,53.0
89,70.0
90,
91,28.0
92,41.0
93,
94,
95,
96,
97,25.0
98,14.0
99,17.0
100,36.0
101,46.0
102,50.0
103,28.0
104,14.0
105,22.0
106,34.0
107,37.0
108,28.0
109,13.0
110,15.0
111,22.0
112,27.0
113,23.0
114,15.0
115,12.0
116,18.0
117,16.0
118,17.0
119,28.0
120,28.0
121,26.0
122,11.0
123,10.0
124,17.0
125,25.0
126,24.0
127,15.0
128,16.0
129,17.0
130,14.0
131,13.0
132,11.0
133,12.0
134,7.0
135,7.0
136,12.0
137,17.0
138,12.0
139,15.0
140,15.0
141,19.0
142,22.0
143,25.0
144,15.0
145,22.0
146,15.0
147,13.0
148,6.0
149,10.0
150,17.0
151,16.0
152,11.0
153,9.0
154,15.0
155,18.0
156,14.0
157,18.0
158,28.0
159,28.0
160,30.0
161,20.0
162,21.0
163,13.0
164,8.0
165,11.0
166,15.0
167,22.0
168,24.0
169,23.0
170,9.0
171,7.0
172,10.0
173,15.0
174,14.0
175,15.0
176,8.0
177,12.0
178,15.0
179,13.0
180,6.0
181,9.0
182,8.0
183,11.0
184,13.0
185,16.0
186,14.0
187,14.0
188,14.0
189,8.0
190,6.0
191,9.0
192,8.0
193,10.0
194,11.0
195,13.0
196,14.0
197,13.0
198,13.0
199,15.0
200,14.0
201,15.0
202,10.0
203,8.0
204,6.0
205,10.0
206,11.0
207,14.0
208,13.0
209,12.0
210,13.0
211,16.0
212,13.0
213,13.0
214,12.0
215,10.0
216,10.0
217,8.0
218,12.0
219,12.0
220,14.0
221,10.0
222,11.0
223,9.0
224,9.0
225,7.0
226,9.0
227,6.0
228,7.0
229,10.0
230,8.0
231,9.0
232,11.0
233,13.0
234,14.0
235,9.0
236,7.0
237,9.0
238,9.0
239,11.0
240,13.0
241,15.0
242,12.0
243,12.0
244,13.0
245,14.0
246,10.0
247,16.0
248,27.0
249,19.0
250,17.0
251,17.0
252,11.0
253,12.0
254,14.0
255,15.0
256,14.0
257,20.0
258,20.0
259,19.0
260,22.0
261,24.0
262,20.0
263,15.0
264,8.0
265,8.0
266,15.0
267,21.0
268,11.0
269,15.0
270,18.0
271,27.0
272,31.0
273,41.0
274,25.0
275,31.0
276,39.0
277,42.0
278,47.0
279,29.0
280,25.0
281,23.0
282,33.0
283,37.0
284,33.0
285,33.0
286,32.0
287,25.0
288,25.0
289,23.0
290,33.0
291,28.0
292,15.0
293,25.0
294,12.0
295,11.0
296,19.0
297,23.0
298,32.0
299,30.0
300,37.0
301,57.0
302,107.0
303,113.0
304,128.0
305,95.0
306,97.0
307,47.0
308,14.0
309,34.0
310,39.0
311,28.0
312,26.0
313,24.0
314,45.0
315,45.0
316,38.0
317,35.0
318,38.0
319,31.0
320,22.0
321,15.0
322,22.0
323,22.0
324,30.0
325,38.0
326,38.0
327,52.0
328,47.0
329,69.0
330,29.0
331,29.0
332,22.0
333,23.0
334,19.0
335,29.0
336,41.0
337,55.0
338,26.0
339,36.0
340,32.0
341,43.0
342,54.0
343,90.0
344,73.0
345,8.0
346,39.0
347,90.0
348,116.0
349,110.0
350,31.0
351,23.0
352,7.0
353,8.0
354,8.0
355,8.0
356,4.0
357,7.0
358,7.0
359,14.0
360,51.0
361,28.0
362,31.0
363,67.0
364,84.0
365,44.0
366,38.0
367,9.0
368,9.0
369,28.0
370,34.0
371,98.0
372,71.0
373,11.0
374,10.0
375,11.0
376,11.0
377,30.0
378,50.0
379,45.0
380,109.0
381,50.0
382,35.0
383,28.0
384,36.0
385,64.0
386,32.0
387,29.0
388,28.0
389,45.0
390,71.0
391,71.0
392,43.0
393,33.0
394,29.0
395,26.0
396,64.0
397,150.0
398,58.0
399,75.0
400,47.0
401,27.0
402,43.0
403,18.0
404,35.0
405,46.0
406,58.0
407,61.0
408,122.0
409,114.0
410,119.0
411,26.0
412,36.0
413,108.0
414,79.0
415,108.0
416,82.0
417,68.0
418,76.0
419,35.0
420,36.0
421,52.0
422,61.0
423,96.0
424,50.0
425,22.0
426,26.0
427,31.0
428,43.0
429,58.0
430,79.0
431,84.0
432,92.0
433,81.0
434,90.0
435,18.0
436,15.0
437,22.0
438,30.0
439,25.0
440,32.0
441,38.0
442,48.0
443,84.0
444,83.0
445,54.0
446,53.0
447,81.0
448,45.0
449,38.0
450,23.0
451,34.0
452,32.0
453,7.0
454,10.0
455,8.0
456,11.0
457,15.0
458,27.0
459,38.0
460,20.0
461,19.0
462,16.0
463,21.0
464,43.0
465,48.0
466,29.0
467,22.0
468,18.0
469,20.0
470,19.0
471,23.0
472,12.0
473,19.0
474,32.0
475,15.0
476,26.0
477,33.0
478,29.0
479,23.0
480,21.0
481,17.0
482,16.0
483,13.0
484,20.0
485,25.0
486,25.0
487,21.0
488,17.0
489,18.0
490,14.0
491,15.0
492,13.0
493,23.0
494,18.0
495,11.0
496,19.0
497,17.0
498,20.0
499,22.0
500,25.0
501,18.0
502,17.0
503,23.0
504,21.0
505,12.0
506,9.0
507,12.0
508,13.0
509,19.0
510,19.0
511,9.0
512,12.0
513,17.0
514,15.0
515,9.0
516,16.0
517,25.0
518,18.0
519,16.0
520,12.0
521,21.0
522,25.0
523,18.0
524,14.0
525,11.0
526,17.0
527,21.0
528,22.0
529,15.0
530,11.0
531,10.0
532,12.0
533,14.0
534,12.0
535,11.0
536,9.0
537,10.0
538,6.0
539,6.0
540,8.0
541,15.0
542,21.0
543,12.0
544,9.0
545,13.0
546,14.0
547,8.0
548,8.0
549,17.0
550,20.0
551,19.0
552,15.0
553,14.0
554,7.0
555,7.0
556,11.0
557,16.0
558,8.0
559,8.0
560,10.0
561,12.0
562,17.0
563,18.0
564,15.0
565,15.0
566,15.0
567,18.0
568,17.0
569,13.0
570,17.0
571,6.0
572,8.0
573,7.0
574,6.0
575,6.0
576,14.0
577,14.0
578,16.0
579,19.0
580,21.0
581,21.0
582,25.0
583,28.0
584,24.0
585,25.0
586,32.0
587,34.0
588,40.0
589,30.0
590,25.0
591,27.0
592,23.0
593,18.0
594,21.0
595,19.0
596,15.0
597,20.0
598,22.0
599,20.0
600,17.0
601,14.0
602,13.0
603,22.0
604,24.0
605,22.0
606,24.0
607,30.0
608,24.0
609,14.0
610,12.0
611,14.0
612,18.0
613,5.0
614,7.0
615,8.0
616,14.0
617,17.0
618,16.0
619,17.0
620,15.0
621,20.0
622,22.0
623,14.0
624,21.0
625,17.0
626,15.0
627,18.0
628,16.0
629,19.0
630,34.0
631,32.0
632,28.0
633,18.0
634,14.0
635,14.0
636,15.0
637,12.0
638,27.0
639,41.0
640,44.0
641,29.0
642,43.0
643,54.0
644,24.0
645,23.0
646,24.0
647,21.0
648,20.0
649,35.0
650,62.0
651,40.0
652,28.0
653,31.0
654,34.0
655,37.0
656,51.0
657,39.0
658,32.0
659,39.0
660,27.0
661,42.0
662,60.0
663,51.0
664,63.0
665,47.0
666,71.0
667,104.0
668,72.0
669,71.0
670,95.0
671,148.0
672,150.0
673,111.0
674,98.0
675,108.0
676,21.0
677,42.0
678,16.0
679,15.0
680,26.0
681,59.0
682,25.0
683,8.0
684,26.0
685,40.0
686,8.0
687,12.0
688,16.0
689,46.0
690,62.0
691,35.0
692,60.0
693,125.0
694,103.0
695,50.0
696,45.0
697,15.0
698,10.0
699,7.0
700,25.0
701,55.0
702,69.0
703,43.0
704,46.0
705,58.0
706,46.0
707,36.0
708,53.0
709,80.0
710,30.0
711,21.0
712,55.0
713,136.0
714,62.0
715,73.0
716,42.0
717,52.0
718,70.0
719,44.0
720,12.0
721,26.0
722,81.0
723,76.0
724,17.0
725,48.0
726,32.0
727,24.0
728,35.0
729,104.0
730,161.0
731,42.0
732,43.0
733,73.2
734,133.4
735,123.6
736,95.2
737,60.1
738,83.4
739,68.0
740,89.1
741,23.4
742,17.6
743,27.9
744,57.8
745,45.2
746,49.8
747,93.3
748,111.5
749,84.8
750,59.2
751,109.5
752,247.0
753,73.4
754,61.5
755,68.7
756,46.0
757,22.6
758,49.3
759,19.0
760,16.9
761,32.9
762,9.1
763,24.0
764,19.7
765,31.1
766,55.9
767,27.5
768,22.2
769,7.1
770,13.9
771,15.7
772,23.3
773,43.5
774,49.1
775,
776,25.3
777,23.5
778,46.4
779,35.5
780,33.6
781,12.2
782,9.7
783,24.7
784,34.9
785,50.7
786,61.1
787,77.2
788,44.0
789,33.9
790,15.2
791,
792,
793,49.5
794,41.1
795,23.8
796,45.7
797,38.6
798,44.7
799,21.4
800,26.7
801,17.5
802,20.5
803,30.0
804,21.4
805,42.8
806,84.3
807,63.0
808,21.3
809,41.1
810,26.8
811,25.0
812,46.5
813,35.7
814,59.7
815,48.8
816,42.9
817,31.4
818,20.7
819,21.9
820,31.9
821,22.3
822,26.9
823,33.7
824,39.1
825,46.5
826,41.3
827,37.5
828,29.6
829,25.6
830,32.1
831,41.3
832,47.0
833,35.2
834,39.9
835,18.4
836,16.4
837,23.4
838,17.6
839,26.4
840,14.6
841,20.9
842,25.8
843,30.4
844,17.6
845,24.2
846,20.0
847,13.2
848,9.8
849,16.5
850,20.1
851,18.4
852,14.7
853,14.3
854,20.2
855,19.3
856,18.7
857,17.9
858,11.1
859,13.9
860,12.5
861,16.3
862,17.2
863,10.5
864,14.0
865,13.2
866,14.0
867,11.4
868,19.7
869,21.7
870,20.5
871,25.6
872,26.4
873,19.2
874,14.3
875,15.8
876,14.5
877,16.6
878,9.9
879,11.9
880,12.0
881,13.9
882,8.5
883,10.6
884,9.3
885,18.6
886,16.3
887,8.6
888,10.8
889,14.3
890,18.5
891,12.6
892,13.8
893,13.5
894,11.0
895,12.6
896,12.6
897,8.0
898,14.4
899,10.3
900,12.9
901,12.8
902,13.8
903,18.6
904,23.9
905,21.0
906,17.2
907,11.1
908,
909,14.4
910,16.1
911,13.3
912,13.7429
913,13.2605
914,8.48816
915,11.8033
916,9.52641
917,6.30237
918,8.85246
919,14.2441
920,11.5301
921,10.1093
922,15.5738
923,16.5392
924,11.6211
925,7.65027
926,7.99636
927,7.6867
928,12.2769
929,11.5665
930,9.71645
931,12.7977
932,18.4121
933,18.2042
934,19.3195
935,16.3516
936,18.431
937,19.2061
938,17.6182
939,16.7486
940,14.5936
941,12.2684
942,9.16824
943,9.17
944,11.89
945,13.88
946,11.15
947,13.61
948,7.94
949,9.41
950,12.36
951,13.59
952,5.05
953,9.38
954,11.76
955,10.21
956,11.49
957,10.68
958,12.53
959,16.11
960,15.5
961,19.0
962,20.79
963,17.62
964,13.53
965,15.95
966,14.86
967,
968,17.9
969,20.09
970,21.64
971,20.29
972,11.04
973,12.61
974,18.2231
975,23.1002
976,24.1399
977,14.9149
978,6.52174
979,8.65784
980,16.1815
981,19.5841
982,25.1418
983,31.1909
984,27.6938
985,26.5028
986,30.2836
987,22.1739
988,18.2042
989,28.6957
990,26.8053
991,20.9641
992,17.0132
993,13.0057
994,20.586
995,23.8941
996,19.9055
997,24.1399
998,19.5652
999,17.4858
1000,26.5028
1001,29.017
1002,14.5747
1003,17.1645
1004,28.9603
1005,20.2836
1006,9.05482
1007,5.29301
1008,5.76559
1009,8.90359
1010,29.0926
1011,34.2533
1012,29.4518
1013,31.184
1014,26.9187
1015,10.5482
1016,11.6446
1017,17.7883
1018,16.8431
1019,16.4839
1020,11.7013
1021,26.276
1022,39.9055
1023,31.1531
1024,37.6938
1025,45.7845
1026,37.6559
1027,39.9244
1028,44.8393
1029,20.5293
1030,33.7051
1031,44.0265
1032,10.7183
1033,8.58223
1034,18.7335
1035,18.2
1036,13.2
1037,13.0
1038,28.2
1039,24.4
1040,28.8
1041,26.8
1042,31.6
1043,82.4
1044,39.4
1045,22.0
1046,27.8
1047,36.4
1048,56.0
1049,70.7
1050,29.5
1051,33.9
1052,45.6
1053,55.2
1054,22.7
1055,26.5
1056,43.9
1057,71.8
1058,113.5
1059,60.1
1060,67.6
1061,20.6
1062,15.3
1063,23.8
1064,36.1
1065,14.99
1066,13.5
1067,23.16
1068,71.08
1069,117.22
1070,54.86
1071,61.51
1072,53.83
1073,27.34
1074,17.76
1075,12.88
1076,11.37
1077,56.39
1078,57.69
1079,26.54
1080,86.79
1081,115.56
1082,68.8
1083,73.99
1084,67.25
1085,107.78
1086,75.97
1087,55.32
1088,47.4
1089,14.7
1090,10.2
1091,8.0
1092,11.68
1093,34.28
1094,99.16
1095,125.26
1096,125.4
1097,70.8
1098,
1099,
1100,18.4
1101,24.8
1102,133.9
1103,185.5
1104,139.0
1105,
1106,
1107,40.2
1108,20.6
1109,28.7
1110,32.5
1111,50.5
1112,70.1
1113,27.5
1114,86.8
1115,146.2
1116,96.0
1117,55.2
1118,141.1
1119,95.0
1120,136.4
1121,113.4
1122,222.8
1123,246.5
1124,160.7
1125,279.3
1126,159.1
1127,149.91
1128,144.35
1129,130.07
1130,33.32
1131,85.72
1132,60.75
1133,34.68
1134,27.92
1135,37.34
1136,41.73
1137,45.81
1138,38.69
1139,47.14
1140,139.22
1141,176.78
1142,140.18
1143,110.62
1144,76.19
1145,54.97
1146,35.94
1147,9.96
1148,10.24
1149,8.94
1150,7.67
1151,25.46
1152,
1153,
1154,21.02
1155,15.54
1156,9.47
1157,35.9
1158,21.91
1159,12.9
1160,20.11
1161,35.83
1162,39.2
1163,57.98
1164,40.6
1165,27.69
1166,23.57
1167,42.88
1168,91.48
1169,61.71
1170,33.22
1171,32.71
1172,11.82
1173,10.51
1174,20.05
1175,37.05
1176,42.19
1177,19.53
1178,54.54
1179,47.45
1180,24.43
1181,51.88
1182,53.1
1183,41.11
1184,40.07
1185,44.95
1186,46.67
1187,49.22
1188,45.43
1189,36.23
1190,48.91
1191,18.11
1192,21.24
1193,19.8
1194,39.05
1195,30.46
1196,21.11
1197,20.93
1198,16.38
1199,27.58
1200,30.49
1201,20.4
1202,15.3
1203,14.46
1204,9.38
1205,17.43
1206,38.52
1207,19.71
1208,17.23
1209,17.85
1210,25.3
1211,19.18
1212,11.46
1213,16.68
1214,
1215,
1216,15.39
1217,17.14
1218,19.49
1219,18.52
1220,18.96
1221,22.09
1222,21.04
1223,10.2
1224,7.45
1225,22.7
1226,19.25
1227,18.52
1228,22.57
1229,17.36
1230,20.4
1231,21.4
1232,
1233,19.96
1234,23.19
1235,32.5
1236,23.26
1237,17.16
1238,11.11
1239,12.66
1240,12.22
1241,19.33
1242,16.05
1243,15.21
1244,16.41
1245,18.49
1246,12.09
1247,11.7
1248,16.8
1249,17.2
1250,14.7
1251,10.2
1252,13.0
1253,6.8
1254,9.9
1255,24.6
1256,14.4
1257,14.1
1258,14.8
1259,9.3
1260,9.8
1261,14.5
1262,12.0
1263,5.2
1264,10.2
1265,15.8
1266,17.7
1267,10.7
1268,14.0
1269,12.4
1270,17.4
1271,15.9
1272,10.7
1273,10.7
1274,19.1
1275,9.0
1276,6.7
1277,7.78
1278,5.05
1279,7.09
1280,10.86
1281,11.44
1282,10.24
1283,13.61
1284,11.73
1285,10.62
1286,15.08
1287,9.42
1288,10.29
1289,7.19
1290,12.35
1291,12.33
1292,13.53
1293,13.5
1294,17.72
1295,20.89
1296,19.73
1297,16.48
1298,14.68
1299,12.51
1300,12.71
1301,9.6
1302,7.29
1303,5.1
1304,7.8
1305,11.0
1306,11.31
1307,16.01
1308,18.25
1309,25.26
1310,18.12
1311,13.86
1312,13.84
1313,11.51
1314,6.83
1315,8.96
1316,14.08
1317,23.1
1318,17.19
1319,8.09
1320,8.16
1321,12.42
1322,8.11
1323,13.84
1324,19.29
1325,18.4
1326,11.33
1327,5.61
1328,8.87
1329,8.89
1330,13.41
1331,12.91
1332,20.2
1333,23.81
1334,17.09
1335,10.24
1336,12.64
1337,16.72
1338,20.67
1339,18.1
1340,5.7
1341,5.0
1342,5.3
1343,12.1
1344,10.0
1345,6.3
1346,9.1
1347,15.0
1348,16.6
1349,19.2
1350,6.9
1351,5.3
1352,5.3
1353,7.9
1354,12.2
1355,11.8
1356,8.7
1357,22.1
1358,9.4
1359,7.7
1360,13.8
1361,
1362,
1363,
1364,20.9
1365,17.1
1366,17.4
1367,32.2
1368,32.3
1369,35.97
1370,39.62
1371,26.76
1372,9.47
1373,9.02
1374,5.83
1375,13.24
1376,7.89
1377,13.35
1378,11.15
1379,9.76
1380,11.02
1381,15.9
1382,30.18
1383,23.48
1384,28.2
1385,33.83
1386,42.66
1387,49.02
1388,48.93
1389,47.21
1390,33.1
1391,18.05
1392,14.81
1393,22.73
1394,22.66
1395,15.76
1396,8.01
1397,5.05
1398,5.9
1399,14.12
1400,12.62
1401,15.99
1402,25.77
1403,30.6
1404,22.7
1405,34.95
1406,33.57
1407,23.06
1408,57.43
1409,20.46
1410,8.58
1411,13.57
1412,21.57
1413,32.33
1414,60.04
1415,65.12
1416,63.79
1417,31.71
1418,13.48
1419,12.15
1420,24.54
1421,34.19
1422,47.8
1423,77.32
1424,52.86
1425,21.64
1426,53.19
1427,26.19
1428,62.28
1429,31.53
1430,43.42
1431,91.18
1432,31.89
1433,28.98
1434,17.18
1435,15.68
1436,34.12
1437,16.12
1438,33.35
1439,10.71
1440,6.17
1441,8.18
1442,21.77
1443,10.49
1444,19.74
1445,68.2
1446,62.82
1447,77.14
1448,40.27
1449,57.54
1450,34.59
1451,21.97
1452,14.37
1453,9.45
1454,22.19
1455,83.52
1456,47.34
1457,25.57
1458,27.83
1459,36.48
1460,12.9
1461,5.17
1462,22.48
1463,13.73
1464,11.44
1465,14.83
1466,54.68
1467,43.04
1468,18.12
1469,27.01
1470,52.88
1471,46.54
1472,23.46
1473,15.81
1474,19.14
1475,47.63
1476,40.42
1477,18.25
1478,14.72
1479,21.68
1480,57.81
1481,64.04
1482,47.07
1483,71.09
1484,72.08
1485,69.93
1486,157.47
1487,134.46
1488,48.65
1489,12.86
1490,8.78
1491,29.0
1492,33.35
1493,29.14
1494,75.5
1495,71.13
1496,20.95
1497,53.99
1498,63.86
1499,66.43
1500,
1501,71.62
1502,61.48
1503,86.96
1504,94.85
1505,37.69
1506,46.39
1507,86.32
1508,83.73
1509,77.6
1510,28.11
1511,51.51
1512,41.0
1513,33.75
1514,33.37
1515,41.26
1516,36.27
1517,40.87
1518,33.95
1519,39.33
1520,89.29
1521,75.7
1522,96.99
1523,114.72
1524,118.69
1525,113.79
1526,83.39
1527,48.94
1528,62.77
1529,67.74
1530,39.34
1531,18.4
1532,21.18
1533,34.72
1534,35.03
1535,26.63
1536,17.41
1537,21.11
1538,25.74
1539,43.42
1540,48.89
1541,58.21
1542,82.2
1543,74.13
1544,67.72
1545,57.21
1546,50.05
1547,36.89
1548,45.17
1549,34.9
1550,21.89
1551,22.26
1552,23.3
1553,29.51
1554,28.05
1555,18.05
1556,25.5
1557,32.19
1558,22.79
1559,21.89
1560,27.25
1561,26.52
1562,31.46
1563,25.96
1564,19.54
1565,23.66
1566,26.68
1567,22.66
1568,23.95
1569,23.86
1570,26.39
1571,30.27
1572,18.52
1573,27.72
1574,27.49
1575,44.5
1576,21.73
1577,19.93
1578,26.89
1579,30.2
1580,35.68
1581,34.9
1582,28.01
1583,26.01
1584,23.59
1585,15.45
1586,16.32
1587,19.22
1588,17.6
1589,17.65
1590,18.89
1591,19.18
1592,17.85
1593,18.12
1594,13.57
1595,16.01
1596,19.82
1597,9.6
1598,16.47
1599,16.94
1600,13.39
1601,13.75
1602,15.01
1603,16.83
1604,11.88
1605,10.71
1606,13.5
1607,16.96
1608,16.43
1609,16.58
1610,16.89
1611,22.7
1612,20.73
1613,16.92
1614,13.95
1615,19.62
1616,20.66
1617,12.28
1618,13.93
1619,18.78
1620,17.69
1621,17.14
1622,19.44
1623,17.4
1624,14.46
1625,13.33
1626,15.37
1627,17.09
1628,16.5
1629,17.07
1630,20.31
1631,21.02
1632,23.17
1633,10.53
1634,8.38
1635,8.31
1636,11.24
1637,11.77
1638,13.32
1639,9.11
1640,13.88
1641,6.56
1642,6.17
1643,9.23
1644,12.62
1645,16.87
1646,22.0
1647,17.32
1648,13.92
1649,12.0
1650,16.34
1651,15.39
1652,15.79
1653,11.8
1654,10.87
1655,12.55
1656,13.79
1657,15.52
1658,12.0
1659,9.16
1660,13.66
1661,19.69
1662,23.75
1663,26.45
1664,21.15
1665,20.27
1666,23.64
1667,14.21
1668,15.3
1669,18.54
1670,18.83
1671,18.43
1672,16.0
1673,16.45
1674,19.16
1675,19.91
1676,22.42
1677,19.71
1678,14.68
1679,15.23
1680,21.44
1681,18.07
1682,16.81
1683,8.69
1684,12.13
1685,15.92
1686,21.0
1687,9.96
1688,11.29
1689,16.72
1690,23.55
1691,22.6
1692,19.56
1693,14.34
1694,14.68
1695,21.13
1696,22.62
1697,15.28
1698,9.14
1699,12.97
1700,18.94
1701,20.78
1702,24.01
1703,19.76
1704,25.43
1705,28.34
1706,23.79
1707,22.6
1708,19.87
1709,16.14
1710,12.95
1711,
1712,
1713,
1714,
1715,18.31
1716,26.08
1717,28.12
1718,10.42
1719,13.86
1720,17.72
1721,21.15
1722,22.97
1723,29.16
1724,
1725,9.05
1726,6.79
1727,5.68
1728,8.52
1729,8.96
1730,13.44
1731,24.39
1732,15.68
1733,14.32
1734,13.9
1735,13.42
1736,6.59
1737,16.5
1738,32.15
1739,32.82
1740,31.07
1741,14.64
1742,32.66
1743,39.67
1744,42.82
1745,43.79
1746,51.69
1747,44.77
1748,42.68
1749,50.91
1750,53.9
1751,63.66
1752,75.34
1753,44.01
1754,24.21
1755,49.42
1756,10.69
1757,7.96
1758,7.52
1759,15.59
1760,32.57
1761,8.14
1762,15.45
1763,14.46
1764,26.14
1765,26.19
1766,29.49
1767,36.85
1768,13.26
1769,21.2
1770,36.34
1771,57.34
1772,73.84
1773,73.95
1774,72.35
1775,66.21
1776,67.09
1777,74.66
1778,17.3
1779,26.68
1780,16.99
1781,36.03
1782,56.17
1783,36.32
1784,36.34
1785,30.38
1786,41.75
1787,64.54
1788,57.49
1789,50.55
1790,26.63
1791,22.48
1792,42.0
1793,39.64
1794,35.32
1795,69.45
1796,63.1
1797,33.97
1798,23.79
1799,35.08
1800,55.5
1801,40.93
1802,17.45
1803,5.52
1804,11.07
1805,19.34
1806,28.87
1807,56.58
1808,29.25
1809,18.31
1810,51.04
1811,113.77
1812,90.0
1813,50.62
1814,78.78
1815,42.39
1816,7.87
1817,18.65
1818,9.07
1819,15.14
1820,16.56
1821,16.32
1822,23.42
1823,20.64
1824,19.74
1825,17.83
1826,19.98
1827,9.02
1828,9.89
1829,23.46
1830,15.26
1831,8.94
1832,45.14
1833,24.83
1834,37.49
1835,72.55
1836,65.65
1837,23.79
1838,8.36
1839,6.56
1840,13.66
1841,15.54
1842,17.03
1843,12.5
1844,50.27
1845,113.55
1846,156.21
1847,110.95
1848,35.14
1849,25.21
1850,44.52
1851,57.07
1852,36.59
1853,62.6
1854,24.46
1855,45.63
1856,94.19
1857,57.96
1858,13.24
1859,48.8
1860,25.39
1861,44.26
1862,49.96
1863,82.82
1864,80.95
1865,75.37
1866,15.63
1867,10.31
1868,11.04
1869,18.45
1870,30.4
1871,43.7
1872,68.76
1873,70.31
1874,81.6
1875,68.4
1876,30.77
1877,27.74
1878,8.96
1879,25.9
1880,49.69
1881,45.26
1882,29.82
1883,50.8
1884,39.42
1885,49.38
1886,38.07
1887,23.5
1888,11.24
1889,7.87
1890,15.66
1891,14.97
1892,7.38
1893,10.05
1894,6.19
1895,9.84
1896,21.18
1897,15.1
1898,13.32
1899,7.27
1900,8.07
1901,9.13
1902,14.79
1903,30.4
1904,61.31
1905,58.2
1906,58.98
1907,44.92
1908,44.92
1909,23.86
1910,18.23
1911,26.72
1912,43.73
1913,59.44
1914,59.56
1915,42.71
1916,13.11
1917,20.86
1918,
1919,36.72
1920,34.52
1921,39.47
1922,29.93
1923,48.52
1924,44.97
1925,27.4
1926,25.65
1927,22.66
1928,38.01
1929,33.53
1930,31.42
1931,33.52
1932,30.53
1933,39.2
1934,34.95
1935,26.08
1936,20.27
1937,18.05
1938,17.94
1939,16.81
1940,25.61
1941,28.82
1942,19.74
1943,18.96
1944,13.24
1945,17.38
1946,20.86
1947,20.73
1948,21.8
1949,14.52
1950,12.0
1951,10.77
1952,17.89
1953,18.74
1954,20.91
1955,14.12
1956,13.84
1957,21.04
1958,9.13
1959,7.63
1960,8.42
1961,14.54
1962,23.01
1963,17.78
1964,14.94
1965,14.61
1966,14.68
1967,8.78
1968,7.45
1969,22.9
1970,24.44
1971,23.01
1972,18.21
1973,14.28
1974,11.77
1975,9.65
1976,16.41
1977,16.47
1978,13.24
1979,11.95
1980,15.87
1981,15.01
1982,11.15
1983,16.78
1984,16.47
1985,12.59
1986,17.09
1987,18.51
1988,17.25
1989,23.39
1990,22.95
1991,26.01
1992,17.92
1993,11.35
1994,16.05
1995,17.01
1996,12.81
1997,17.34
1998,13.35
1999,9.42
2000,11.58
2001,19.38
2002,23.04
2003,26.05
2004,12.99
2005,13.88
2006,14.48
2007,25.06
2008,14.92
2009,19.34
2010,16.08
2011,16.67
2012,18.29
2013,17.6
2014,11.68
2015,11.91
2016,19.05
2017,12.04
2018,12.57
2019,13.73
2020,12.5
2021,12.02
2022,15.54
2023,11.82
2024,15.14
2025,16.38
2026,14.34
2027,12.09
2028,13.99
2029,14.28
2030,16.08
2031,14.61
2032,18.69
2033,17.3
2034,16.07
2035,15.14
2036,16.25
2037,15.43
2038,13.53
2039,13.64
2040,12.57
2041,12.6
2042,11.2
2043,13.33
2044,15.48
2045,11.93
2046,15.17
2047,13.57
2048,6.96
2049,15.63
2050,11.53
2051,10.82
2052,10.46
2053,12.24
2054,11.84
2055,11.37
2056,13.06
2057,10.69
2058,9.73
2059,9.4
2060,14.04
2061,15.76
2062,18.36
2063,19.14
2064,20.67
2065,18.69
2066,20.2
2067,20.62
2068,18.94
2069,20.04
2070,12.93
2071,9.34
2072,11.86
2073,14.43
2074,10.2
2075,17.05
2076,8.82
2077,10.31
2078,6.63
2079,14.97
2080,18.32
2081,14.86
2082,10.8
2083,12.77
2084,13.48
2085,8.94
2086,8.12
2087,10.56
2088,15.37
2089,17.96
2090,19.25
2091,19.51
2092,34.7
2093,34.55
2094,14.3
2095,13.32
2096,9.38
2097,6.39
2098,5.48
2099,7.29
2100,14.77
2101,11.2
2102,15.74
2103,13.48
2104,11.46
2105,23.24
2106,20.66
2107,16.59
2108,7.18
2109,10.36
2110,12.71
2111,19.0
2112,25.26
2113,26.01
2114,15.3
2115,17.85
2116,28.51
2117,30.07
2118,24.01
2119,31.15
2120,33.84
2121,35.41
2122,36.08
2123,41.04
2124,46.83
2125,30.4
2126,18.2
2127,36.78
2128,19.31
2129,55.88
2130,48.51
2131,33.42
2132,12.91
2133,10.27
2134,14.75
2135,25.26
2136,37.12
2137,26.52
2138,25.17
2139,16.85
2140,20.16
2141,16.58
2142,22.24
2143,19.14
2144,26.7
2145,24.19
2146,24.7
2147,33.26
2148,32.11
2149,42.86
2150,22.42
2151,25.52
2152,33.84
2153,27.4
2154,29.95
2155,29.51
2156,30.22
2157,
2158,10.36
2159,18.89
2160,40.15
2161,41.49
2162,25.59
2163,50.91
2164,68.2
2165,53.06
2166,35.68
2167,12.73
2168,35.92
2169,19.96
2170,37.29
2171,81.69
2172,43.7
2173,9.65
2174,9.74
2175,27.61
2176,82.9
2177,54.46
2178,52.59
2179,29.69
2180,17.05
2181,23.83
2182,19.85
2183,11.89
2184,15.52
2185,14.1
2186,12.84
2187,6.96
2188,12.04
2189,48.09
2190,24.19
2191,21.62
2192,48.07
2193,74.44
2194,10.98
2195,11.44
2196,34.15
2197,48.31
2198,
2199,34.88
2200,43.19
2201,18.47
2202,19.53
2203,27.78
2204,75.52
2205,77.49
2206,81.57
2207,53.21
2208,63.83
2209,42.82
2210,27.63
2211,27.19
2212,30.64
2213,32.68
2214,63.08
2215,44.74
2216,66.68
2217,62.4
2218,58.78
2219,9.91
2220,11.06
2221,12.44
2222,10.55
2223,6.27
2224,10.6
2225,8.03
2226,7.43
2227,28.31
2228,19.03
2229,49.56
2230,63.93
2231,9.11
2232,5.26
2233,6.39
2234,13.93
2235,18.89
2236,27.5
2237,40.91
2238,21.62
2239,13.61
2240,11.75
2241,23.22
2242,21.66
2243,21.79
2244,6.07
2245,11.29
2246,13.61
2247,11.84
2248,17.45
2249,26.25
2250,14.52
2251,15.54
2252,21.88
2253,17.27
2254,17.65
2255,46.83
2256,25.19
2257,14.55
2258,28.34
2259,51.02
2260,39.6
2261,7.67
2262,10.89
2263,9.14
2264,11.15
2265,21.42
2266,25.76
2267,36.78
2268,59.11
2269,46.72
2270,34.9
2271,11.62
2272,10.89
2273,18.65
2274,19.62
2275,24.19
2276,29.4
2277,34.03
2278,50.33
2279,58.96
2280,13.84
2281,41.04
2282,42.4
2283,34.37
2284,23.64
2285,32.15
2286,30.18
2287,27.34
2288,34.95
2289,33.22
2290,31.07
2291,19.23
2292,24.44
2293,20.27
2294,19.14
2295,12.15
2296,20.58
2297,19.11
2298,21.64
2299,18.69
2300,12.28
2301,15.66
2302,19.82
2303,20.02
2304,24.64
2305,24.68
2306,20.84
2307,12.97
2308,20.67
2309,23.68
2310,18.83
2311,19.96
2312,16.12
2313,11.79
2314,12.22
2315,19.85
2316,13.68
2317,12.9
2318,13.95
2319,19.33
2320,16.78
2321,18.72
2322,17.61
2323,7.09
2324,14.12
2325,12.79
2326,20.4
2327,21.99
2328,18.54
2329,15.52
2330,16.99
2331,8.87
2332,8.98
2333,9.18
2334,14.46
2335,8.52
2336,8.58
2337,8.31
2338,12.62
2339,12.75
2340,8.45
2341,8.4
2342,6.89
2343,12.6
2344,9.44
2345,11.6
2346,12.9
2347,7.5
2348,7.43
2349,13.57
2350,10.15
2351,9.96
2352,16.56
2353,10.35
2354,13.95
2355,17.8
2356,10.38
2357,8.83
2358,11.69
2359,12.04
2360,14.5
2361,13.04
2362,8.67
2363,8.91
2364,9.49
2365,7.7
2366,13.08
2367,12.02
2368,12.24
2369,12.73
2370,11.49
2371,9.74
2372,8.49
2373,12.27
2374,11.25
2375,11.04
2376,12.98
2377,13.04
2378,8.4
2379,6.33
2380,10.23
2381,10.25
2382,15.37
2383,7.92
2384,7.56
2385,9.23
2386,10.58
2387,11.5
2388,10.92
2389,12.85
2390,12.27
2391,11.37
2392,11.88
2393,15.62
2394,11.44
2395,12.1
2396,13.56
2397,12.58
2398,11.69
2399,13.19
2400,14.19
2401,13.54
2402,14.86
2403,13.37
2404,9.16
2405,10.77
2406,13.37
2407,13.39
2408,8.43
2409,12.53
2410,20.95
2411,21.4
2412,15.48
2413,10.49
2414,12.33
2415,11.77
2416,12.57
2417,14.66
2418,14.94
2419,11.18
2420,11.86
2421,13.83
2422,17.23
2423,15.36
2424,15.21
2425,15.48
2426,7.67
2427,11.28
2428,12.15
2429,11.82
2430,6.89
2431,9.36
2432,12.82
2433,12.33
2434,5.65
2435,6.07
2436,6.25
2437,9.49
2438,10.91
2439,9.45
2440,6.68
2441,9.58
2442,9.65
2443,12.99
2444,11.62
2445,11.82
2446,19.58
2447,17.23
2448,18.51
2449,18.4
2450,22.75
2451,14.08
2452,7.83
2453,13.1
2454,16.96
2455,18.58
2456,22.68
2457,24.35
2458,20.22
2459,14.72
2460,6.16
2461,5.54
2462,8.98
2463,16.16
2464,14.13
2465,8.93
2466,16.05
2467,14.7
2468,9.34
2469,8.58
2470,12.59
2471,16.16
2472,19.47
2473,19.27
2474,19.93
2475,12.35
2476,8.29
2477,6.1
2478,5.7
2479,9.98
2480,16.21
2481,6.1
2482,9.89
2483,15.43
2484,24.34
2485,26.05
2486,31.06
2487,40.69
2488,37.38
2489,27.27
2490,15.85
2491,21.06
2492,34.26
2493,18.76
2494,12.3
2495,15.65
2496,28.31
2497,26.65
2498,16.67
2499,13.13
2500,19.74
2501,31.29
2502,30.18
2503,32.84
2504,38.71
2505,20.2
2506,22.24
2507,24.99
2508,23.48
2509,30.27
2510,44.7
2511,20.97
2512,26.83
2513,32.7
2514,25.12
2515,14.15
2516,31.49
2517,27.29
2518,23.55
2519,28.62
2520,56.28
2521,44.75
2522,40.07
2523,27.61
2524,22.24
2525,40.93
2526,41.48
2527,44.68
2528,50.75
2529,20.49
2530,19.53
2531,14.17
2532,19.2
2533,26.96
2534,30.66
2535,25.45
2536,28.74
2537,21.58
2538,19.05
2539,30.04
2540,41.8
2541,65.59
2542,68.23
2543,44.94
2544,26.74
2545,24.13
2546,50.84
2547,54.81
2548,21.15
2549,16.08
2550,8.58
2551,18.18
2552,21.6
2553,8.51
2554,7.25
2555,29.45
2556,37.38
2557,34.66
2558,53.3
2559,50.53
2560,47.01
2561,18.47
2562,30.18
2563,32.04
2564,33.21
2565,31.58
2566,45.08
2567,69.03
2568,60.04
2569,20.13
2570,22.62
2571,25.54
2572,30.58
2573,34.15
2574,77.23
2575,47.67
2576,25.43
2577,56.98
2578,27.45
2579,22.08
2580,25.34
2581,19.09
2582,29.4
2583,29.23
2584,41.44
2585,26.41
2586,38.71
2587,30.64
2588,64.26
2589,72.44
2590,36.72
2591,15.87
2592,25.81
2593,20.78
2594,23.57
2595,28.34
2596,79.76
2597,75.45
2598,40.29
2599,27.36
2600,47.47
2601,30.36
2602,62.02
2603,89.02
2604,45.5
2605,41.6
2606,62.06
2607,70.58
2608,73.3
2609,67.92
2610,57.38
2611,72.4
2612,74.28
2613,45.68
2614,20.11
2615,20.98
2616,25.66
2617,42.73
2618,56.41
2619,51.2
2620,20.67
2621,29.6
2622,28.51
2623,28.56
2624,39.87
2625,40.64
2626,44.15
2627,13.79
2628,14.75
2629,7.98
2630,33.9
2631,42.99
2632,21.17
2633,15.45
2634,33.42
2635,16.58
2636,25.77
2637,14.54
2638,36.92
2639,22.84
2640,54.97
2641,72.48
2642,36.85
2643,17.03
2644,29.23
2645,38.18
2646,45.9
2647,27.7
2648,16.27
2649,21.26
2650,11.99
2651,12.2
2652,13.7
2653,20.0
2654,13.01
2655,14.86
2656,20.82
2657,18.69
2658,20.26
2659,10.47
2660,11.33
2661,10.95
2662,13.95
2663,23.28
2664,27.21
2665,35.45
2666,22.13
2667,29.29
2668,21.02
2669,16.67
2670,21.42
2671,15.25
2672,21.37
2673,20.26
2674,19.62
2675,23.11
2676,16.85
2677,27.89
2678,14.37
2679,9.05
2680,14.04
2681,10.33
2682,7.56
2683,7.67
2684,12.39
2685,14.97
2686,15.17
2687,17.47
2688,15.87
2689,13.9
2690,14.43
2691,8.65
2692,7.72
2693,8.47
2694,8.52
2695,12.17
2696,9.34
2697,10.89
2698,7.58
2699,6.67
2700,12.22
2701,9.4
2702,7.67
2703,8.03
2704,9.25
2705,8.43
2706,9.54
2707,11.84
2708,12.08
2709,12.57
2710,11.88
2711,14.03
2712,11.71
2713,12.97
2714,14.99
2715,20.62
2716,15.23
2717,11.4
2718,16.61
2719,14.35
2720,7.07
2721,20.44
2722,19.02
2723,19.4
2724,19.71
2725,23.24
2726,14.79
2727,11.51
2728,16.54
2729,20.24
2730,21.86
2731,29.82
2732,32.84
2733,11.42
2734,14.17
2735,16.39
2736,16.72
2737,11.22
2738,11.97
2739,10.29
2740,11.17
2741,13.32
2742,14.28
2743,17.65
2744,18.4
2745,16.81
2746,15.28
2747,7.96
2748,12.17
2749,10.15
2750,15.41
2751,24.01
2752,13.48
2753,18.23
2754,13.32
2755,17.56
2756,13.7
2757,13.19
2758,11.73
2759,11.82
2760,13.11
2761,16.07
2762,16.96
2763,12.5
2764,13.61
2765,16.47
2766,12.48
2767,14.68
2768,13.42
2769,10.66
2770,8.03
2771,7.34
2772,11.09
2773,7.1
2774,5.72
2775,8.16
2776,6.89
2777,8.4
2778,12.26
2779,10.75
2780,13.15
2781,16.59
2782,18.89
2783,19.22
2784,14.37
2785,5.85
2786,8.4
2787,7.01
2788,11.82
2789,13.57
2790,14.64
2791,8.83
2792,5.52
2793,12.93
2794,11.49
2795,9.49
2796,9.49
2797,12.6
2798,8.76
2799,5.37
2800,9.11
2801,13.57
2802,16.61
2803,17.52
2804,8.07
2805,12.95
2806,22.5
2807,21.38
2808,23.9
2809,22.93
2810,22.02
2811,20.8
2812,20.11
2813,20.53
2814,23.17
2815,27.92
2816,10.22
2817,7.45
2818,10.69
2819,9.51
2820,12.37
2821,10.49
2822,14.44
2823,7.85
2824,12.55
2825,15.76
2826,13.24
2827,11.07
2828,17.41
2829,18.42
2830,12.7
2831,17.27
2832,17.05
2833,21.22
2834,21.22
2835,16.79
2836,17.5
2837,17.45
2838,18.05
2839,24.83
2840,42.0
2841,24.13
2842,10.29
2843,16.67
2844,9.93
2845,10.58
2846,20.22
2847,28.93
2848,15.68
2849,11.66
2850,13.53
2851,6.05
2852,7.7
2853,16.79
2854,27.65
2855,33.22
2856,30.04
2857,43.66
2858,46.96
2859,31.11
2860,24.03
2861,28.62
2862,29.74
2863,13.68
2864,8.78
2865,8.45
2866,18.6
2867,25.21
2868,12.0
2869,16.72
2870,31.0
2871,58.23
2872,48.67
2873,41.29
2874,47.25
2875,34.88
2876,29.69
2877,34.72
2878,17.87
2879,11.99
2880,12.66
2881,16.34
2882,21.73
2883,13.15
2884,18.63
2885,54.95
2886,51.2
2887,25.01
2888,38.98
2889,20.58
2890,10.58
2891,6.47
2892,8.42
2893,11.86
2894,18.43
2895,26.21
2896,41.33
2897,26.99
2898,24.86
2899,31.13
2900,63.22
2901,58.21
2902,51.29
2903,107.6
2904,120.38
2905,57.61
2906,28.43
2907,11.48
2908,17.4
2909,9.53
2910,8.93
2911,23.17
2912,59.31
2913,61.15
2914,13.57
2915,11.75
2916,43.13
2917,45.81
2918,30.62
2919,53.39
2920,54.64
2921,10.27
2922,14.32
2923,17.01
2924,7.14
2925,5.59
2926,6.58
2927,5.15
2928,21.97
2929,46.17
2930,56.34
2931,42.37
2932,27.19
2933,28.05
2934,28.07
2935,20.4
2936,20.07
2937,36.92
2938,10.2
2939,12.2
2940,26.36
2941,9.27
2942,10.66
2943,11.99
2944,17.12
2945,42.04
2946,42.39
2947,22.31
2948,18.96
2949,6.47
2950,8.93
2951,5.83
2952,14.86
2953,23.86
2954,6.14
2955,11.75
2956,18.67
2957,9.34
2958,6.65
2959,5.14
2960,9.73
2961,12.08
2962,15.26
2963,14.94
2964,16.48
2965,36.23
2966,30.44
2967,45.34
2968,38.98
2969,4.15
2970,6.83
2971,7.09
2972,9.6
2973,5.7
2974,8.05
2975,11.2
2976,22.15
2977,16.23
2978,32.37
2979,20.67
2980,16.72
2981,29.62
2982,33.13
2983,52.64
2984,26.72
2985,22.22
2986,19.53
2987,22.11
2988,18.18
2989,41.35
2990,16.14
2991,25.76
2992,45.06
2993,56.61
2994,45.23
2995,9.85
2996,52.75
2997,42.26
2998,28.82
2999,36.58
3000,34.01
3001,38.14
3002,46.9
3003,40.73
3004,32.39
3005,35.1
3006,43.79
3007,10.69
3008,23.37
3009,29.2
3010,23.37
3011,11.95
3012,9.89
3013,14.34
3014,14.5
3015,14.61
3016,10.11
3017,8.82
3018,10.29
3019,5.72
3020,13.02
3021,16.19
3022,16.3
3023,27.67
3024,21.29
3025,21.37
3026,23.97
3027,7.61
3028,9.65
3029,12.37
3030,13.95
3031,28.69
3032,29.8
3033,22.11
3034,15.87
3035,22.0
3036,12.9
3037,18.72
3038,21.75
3039,16.61
3040,24.1
3041,18.96
3042,21.62
3043,20.42
3044,25.08
3045,15.96
3046,18.11
3047,23.04
3048,16.83
3049,21.51
3050,11.99
3051,14.37
3052,18.18
3053,20.6
3054,16.65
3055,16.38
3056,14.35
3057,12.57
3058,16.19
3059,9.91
3060,16.25
3061,22.08
3062,23.22
3063,8.78
3064,10.05
3065,13.32
3066,13.52
3067,8.89
3068,8.11
3069,6.48
3070,7.52
3071,10.91
3072,12.42
3073,12.22
3074,11.15
3075,11.82
3076,14.95
3077,14.7
3078,15.56
3079,18.25
3080,9.31
3081,12.08
3082,11.38
3083,9.18
3084,11.06
3085,10.82
3086,9.29
3087,12.7
3088,12.11
3089,11.77
3090,12.46
3091,16.03
3092,15.06
3093,8.03
3094,10.22
3095,8.07
3096,8.49
3097,11.42
3098,10.87
3099,12.33
3100,15.96
3101,16.1
3102,19.8
3103,19.18
3104,9.05
3105,8.62
3106,12.7
3107,12.24
3108,8.31
3109,9.82
3110,9.87
3111,7.76
3112,7.63
3113,5.56
3114,8.09
3115,8.58
3116,14.13
3117,8.03
3118,9.89
3119,7.47
3120,10.36
3121,13.73
3122,13.7
3123,10.29
3124,17.58
3125,18.05
3126,10.51
3127,11.37
3128,15.81
3129,11.86
3130,10.26
3131,10.58
3132,9.33
3133,4.85
3134,11.73
3135,16.7
3136,17.14
3137,14.12
3138,18.6
3139,13.01
3140,7.87
3141,9.84
3142,11.93
3143,9.8
3144,10.15
3145,12.62
3146,12.93
3147,11.79
3148,17.12
3149,20.27
3150,22.88
3151,18.4
3152,21.51
3153,16.5
3154,13.24
3155,13.39
3156,14.68
3157,17.8
3158,22.64
3159,18.78
3160,20.64
3161,14.04
3162,12.35
3163,13.06
3164,9.51
3165,5.45
3166,6.47
3167,9.33
3168,10.56
3169,11.57
3170,9.42
3171,11.64
3172,18.69
3173,9.74
3174,11.42
3175,8.85
3176,9.76
3177,11.64
3178,11.58
3179,10.46
3180,10.38
3181,10.29
3182,6.89
3183,7.56
3184,10.11
3185,10.51
3186,11.17
3187,17.12
3188,19.29
3189,27.91
3190,27.78
3191,14.79
3192,8.45
3193,15.06
3194,15.66
3195,21.38
3196,7.69
3197,7.89
3198,10.42
3199,18.98
3200,15.79
3201,17.16
3202,21.49
3203,10.47
3204,15.77
3205,21.66
3206,19.54
3207,23.88
3208,33.3
3209,20.38
3210,18.89
3211,20.49
3212,19.8
3213,7.5
3214,8.72
3215,21.91
3216,28.63
3217,16.58
3218,17.3
3219,8.23
3220,14.08
3221,22.71
3222,24.95
3223,18.18
3224,21.69
3225,30.51
3226,26.81
3227,18.32
3228,22.48
3229,23.28
3230,14.23
3231,13.61
3232,17.1
3233,24.55
3234,36.17
3235,35.36
3236,25.01
3237,25.48
3238,34.7
3239,18.82
3240,28.83
3241,25.54
3242,6.17
3243,14.86
3244,22.33
3245,61.95
3246,66.98
3247,40.09
3248,29.16
3249,25.76
3250,63.53
3251,39.74
3252,25.39
3253,27.45
3254,30.53
3255,29.85
3256,20.26
3257,21.31
3258,36.54
3259,20.71
3260,30.16
3261,28.58
3262,12.71
3263,23.19
3264,40.64
3265,20.36
3266,19.22
3267,26.21
3268,19.65
3269,51.58
3270,51.24
3271,38.58
3272,50.82
3273,46.41
3274,86.54
3275,72.06
3276,73.73
3277,53.28
3278,22.88
3279,22.35
3280,25.1
3281,26.65
3282,9.96
3283,14.28
3284,17.78
3285,39.27
3286,34.37
3287,33.2
3288,48.7
3289,22.8
3290,24.0
3291,3.9
3292,11.6
3293,22.6
3294,34.0
3295,28.2
3296,15.5
3297,24.2
3298,22.8
3299,9.6
3300,7.7
3301,6.3
3302,12.7
3303,19.5
3304,14.9
3305,20.6
3306,16.6
3307,13.0
3308,20.1
3309,18.9
3310,13.8
3311,8.9
3312,21.5
3313,21.8
3314,17.8
3315,14.1
3316,17.9
3317,9.7
3318,9.1
3319,7.5
3320,10.0
3321,7.3
3322,9.9
3323,23.6
3324,84.9
3325,45.0
3326,61.9
3327,40.4
3328,34.8
3329,16.8
3330,30.7
3331,20.1
3332,28.7
3333,41.1
3334,25.1
3335,6.5
3336,6.2
3337,7.8
3338,6.8
3339,17.5
3340,25.2
3341,19.2
3342,7.5
3343,6.3
3344,8.9
3345,20.6
3346,45.2
3347,23.8
3348,58.3
3349,23.6
3350,10.9
3351,15.5
3352,18.3
3353,13.4
3354,10.9
3355,8.2
3356,6.0
3357,9.1
3358,7.4
3359,9.9
3360,10.6
3361,21.3
3362,20.3
3363,20.6
3364,29.8
3365,31.1
3366,22.1
3367,18.8
3368,8.3
3369,6.5
3370,5.7
3371,
3372,6.5
3373,11.2
3374,13.2
3375,9.1
3376,6.6
3377,6.1
3378,6.2
3379,6.3
3380,7.2
3381,15.2
3382,20.6
3383,24.2
3384,22.3
3385,30.6
3386,36.0
3387,9.6
3388,12.2
3389,22.7
3390,14.0
3391,9.7
3392,15.7
3393,14.3
3394,12.4
3395,14.5
3396,22.6
3397,26.7
3398,21.5
3399,20.8
3400,17.9
3401,11.4
3402,11.0
3403,18.0
3404,14.5
3405,17.9
3406,12.0
3407,14.3
3408,14.5
3409,16.1
3410,14.9
3411,16.1
3412,18.6
3413,8.3
3414,10.4
3415,15.3
3416,14.9
3417,13.6
3418,18.0
3419,14.3
3420,12.2
3421,6.7
3422,11.3
3423,7.6
3424,6.9
3425,10.0
3426,31.6
3427,32.8
3428,27.3
3429,30.9
3430,14.3
3431,21.0
3432,36.2
3433,16.7
3434,14.9
3435,19.5
3436,22.1
3437,22.3
3438,19.6
3439,18.9
3440,12.2
3441,14.4
3442,17.8
3443,18.1
3444,13.8
3445,10.8
3446,10.6
3447,10.0
3448,7.8
3449,6.8
3450,4.4
3451,5.5
3452,11.7
3453,15.9
3454,12.1
3455,9.5
3456,12.9
3457,18.7
3458,16.8
3459,12.7
3460,14.0
3461,7.8
3462,10.9
3463,12.6
3464,8.3
3465,6.8
3466,9.5
3467,11.9
3468,10.2
3469,9.7
3470,10.3
3471,15.4
3472,9.9
3473,7.7
3474,9.7
3475,11.6
3476,13.1
3477,11.8
3478,9.6
3479,12.0
3480,7.5
3481,9.5
3482,10.8
3483,16.6
3484,9.0
3485,10.8
3486,14.7
3487,
3488,10.2
3489,11.1
3490,13.6
3491,12.1
3492,9.3
3493,7.8
3494,8.5
3495,6.8
3496,8.4
3497,7.6
3498,9.7
3499,9.0
3500,8.1
3501,5.4
3502,6.8
3503,8.5
3504,2.9
3505,2.0
3506,1.8
3507,3.1
3508,5.3
3509,10.4
3510,10.2
3511,10.2
3512,12.1
3513,15.0
3514,14.3
3515,12.5
3516,12.3
3517,13.1
3518,16.0
3519,19.7
3520,15.1
3521,17.6
3522,16.1
3523,18.3
3524,10.3
3525,9.9
3526,8.4
3527,10.2
3528,8.4
3529,5.0
